{
  "ga_params": {
    "pop_size": 40,
    "generations": 220,
    "mutation_rate": 0.00522839446479576,
    "crossover_rate": 0.7482180301114278,
    "tournament_size": 5,
    "target_shelter_ratio": 0.01029621705066389,
    "elitism_count": 3,
    "adaptive_mutation": false
  },
  "ga_report": {
    "n_shelters": 3008,
    "covered_pop": 16183661,
    "total_pop": 16205440,
    "coverage_pct": 99.87,
    "infra_score": 0.8193,
    "cost_ratio": 0.099231,
    "fitness": 0.853005
  },
  "ga_time_sec": 125.0,
  "greedy_report": {
    "n_shelters": 3008,
    "covered_pop": 16205332,
    "total_pop": 16205440,
    "coverage_pct": 100.0,
    "infra_score": 0.9306,
    "cost_ratio": 0.099231,
    "fitness": 0.876201
  },
  "greedy_time_sec": 60.0
}