{
  "ga_params": {
    "pop_size": 40,
    "generations": 220,
    "mutation_rate": 0.00522839446479576,
    "crossover_rate": 0.7482180301114278,
    "tournament_size": 5,
    "target_shelter_ratio": 0.01029621705066389,
    "elitism_count": 3,
    "adaptive_mutation": false
  },
  "ga_report": {
    "n_shelters": 319,
    "covered_pop": 258737147,
    "total_pop": 265151800,
    "coverage_pct": 97.58,
    "infra_score": 0.856,
    "cost_ratio": 0.010307,
    "fitness": 0.853226
  },
  "ga_time_sec": 88.0,
  "greedy_report": {
    "n_shelters": 319,
    "covered_pop": 260055826,
    "total_pop": 265151800,
    "coverage_pct": 98.08,
    "infra_score": 0.817,
    "cost_ratio": 0.010307,
    "fitness": 0.848908
  },
  "greedy_time_sec": 3.1
}